<?xml version="1.0" encoding="UTF-8"?>
<project-private xmlns="http://www.netbeans.org/ns/project-private/1">
    <editor-bookmarks xmlns="http://www.netbeans.org/ns/editor-bookmarks/2" lastBookmarkId="0"/>
    <open-files xmlns="http://www.netbeans.org/ns/projectui-open-files/2">
        <group>
            <file>file:/C:/PROJECTCODINGAN/CRUDHeroML/web/WEB-INF/web.xml</file>
            <file>file:/C:/PROJECTCODINGAN/CRUDHeroML/web/tambahHero.jsp</file>
            <file>file:/C:/PROJECTCODINGAN/CRUDHeroML/web/index.jsp</file>
            <file>file:/C:/PROJECTCODINGAN/CRUDHeroML/src/java/controller/TambahHeroServlet.java</file>
            <file>file:/C:/PROJECTCODINGAN/CRUDHeroML/web/tampilHero.jsp</file>
            <file>file:/C:/PROJECTCODINGAN/CRUDHeroML/web/deleteHero.jsp</file>
            <file>file:/C:/PROJECTCODINGAN/CRUDHeroML/web/editHero.jsp</file>
            <file>file:/C:/PROJECTCODINGAN/CRUDHeroML/src/java/controller/UpdateHeroServlet.java</file>
        </group>
    </open-files>
</project-private>
